"operator","inout_travelling","network_type","rating","calldrop_category","latitude","longitude","state_name"
"RJio","Indoor","4G","1","Poor Voice Quality","19.22059493","72.84310503","Maharashtra"
"RJio","Indoor","4G","1","Poor Voice Quality","19.22059493","72.84310503","Maharashtra"
"RJio","Indoor","Unknown","3","Satisfactory","30.1155468","78.2817661","Uttarakhand"
"RJio","Indoor","4G","3","Satisfactory","30.1155468","78.2817661","Uttarakhand"
"RJio","Indoor","4G","2","Poor Voice Quality","19.22059493","72.84310503","Maharashtra"
"RJio","Indoor","4G","2","Poor Voice Quality","19.22059493","72.84310503","Maharashtra"
"RJio","Indoor","Unknown","3","Satisfactory","30.1155512","78.2817616","Uttarakhand"
"RJio","Indoor","Unknown","3","Satisfactory","30.11618797","78.28088954","Uttarakhand"
"Airtel","Indoor","2G","2","Poor Voice Quality","-1","-1","NA"
"Airtel","Outdoor","4G","1","Poor Voice Quality","-1","-1","NA"
"RJio","Indoor","4G","2","Poor Voice Quality","19.22059493","72.84310503","Maharashtra"
"RJio","Indoor","4G","2","Poor Voice Quality","19.22059493","72.84310503","Maharashtra"
"RJio","Indoor","4G","3","Satisfactory","30.11618797","78.28088954","Uttarakhand"
"RJio","Indoor","4G","3","Satisfactory","30.11618797","78.28088954","Uttarakhand"
"VI","Indoor","4G","1","Poor Voice Quality","21.12320695","79.06784078","Maharashtra"
"RJio","Indoor","4G","1","Poor Voice Quality","19.22059493","72.84310503","Maharashtra"
"RJio","Indoor","4G","1","Poor Voice Quality","19.22059493","72.84310503","Maharashtra"
"Airtel","Indoor","4G","1","Poor Voice Quality","-1","-1","NA"
"Airtel","Indoor","4G","1","Poor Voice Quality","-1","-1","NA"
"BSNL","Travelling","3G","2","Poor Voice Quality","-1","-1","NA"
"Airtel","Indoor","4G","5","Satisfactory","-1","-1","NA"
"RJio","Indoor","4G","3","Satisfactory","30.1048115","78.2876534","Uttarakhand"
"RJio","Indoor","4G","1","Poor Voice Quality","19.2206332","72.8428488","Maharashtra"
"RJio","Indoor","4G","1","Poor Voice Quality","19.2206332","72.8428488","Maharashtra"
"RJio","Outdoor","4G","3","Satisfactory","30.104814","78.2876541","Uttarakhand"
"RJio","Outdoor","Unknown","3","Satisfactory","30.1185551","78.2787585","Uttarakhand"
"RJio","Indoor","Unknown","3","Satisfactory","30.1155435","78.2817748","Uttarakhand"
"RJio","Indoor","4G","1","Poor Voice Quality","19.2205195","72.8429265","Maharashtra"
"RJio","Indoor","4G","4","Satisfactory","26.8901794","75.8084991","Rajasthan"
"RJio","Indoor","4G","4","Satisfactory","26.9080697","75.799047","Rajasthan"
"RJio","Outdoor","4G","4","Satisfactory","26.9079039","75.7991259","Rajasthan"
"VI","Indoor","4G","2","Poor Voice Quality","21.18841844","79.0913295","Maharashtra"
"RJio","Indoor","4G","2","Poor Voice Quality","19.2205202","72.8429282","Maharashtra"
"RJio","Indoor","4G","1","Call Dropped","19.2211175","72.8458401","Maharashtra"
"RJio","Indoor","4G","2","Poor Voice Quality","19.2211175","72.8458401","Maharashtra"
"VI","Indoor","4G","1","Poor Voice Quality","20.38020754","72.90792528","Gujarat"
"RJio","Outdoor","4G","5","Satisfactory","12.9566138","77.4896705","Karnataka"
"RJio","Travelling","4G","5","Satisfactory","12.97410715","77.50909798","Karnataka"
"RJio","Travelling","4G","5","Satisfactory","13.0523913","77.55392413","Karnataka"
"RJio","Outdoor","4G","4","Satisfactory","-1","-1","NA"
"Airtel","Outdoor","Unknown","1","Poor Voice Quality","-1","-1","NA"
"Airtel","Outdoor","Unknown","1","Poor Voice Quality","-1","-1","NA"
"Airtel","Outdoor","Unknown","1","Poor Voice Quality","13.06378431","80.13901578","Tamil Nadu"
"Airtel","Outdoor","Unknown","1","Call Dropped","-1","-1","NA"
"Airtel","Outdoor","Unknown","1","Call Dropped","-1","-1","NA"
"RJio","Travelling","4G","2","Poor Voice Quality","19.2189625","72.8443474","Maharashtra"
"RJio","Indoor","4G","3","Satisfactory","19.220513","72.8427584","Maharashtra"
"RJio","Indoor","4G","1","Poor Voice Quality","19.220518","72.842762","Maharashtra"
"RJio","Indoor","4G","2","Poor Voice Quality","19.2204978","72.8427443","Maharashtra"
"Airtel","Indoor","2G","3","Poor Voice Quality","-1","-1","NA"
"RJio","Indoor","4G","1","Poor Voice Quality","19.2216599","72.8425011","Maharashtra"
"RJio","Indoor","4G","1","Poor Voice Quality","19.2205011","72.8427545","Maharashtra"
"RJio","Indoor","4G","2","Poor Voice Quality","19.2209058","72.8421319","Maharashtra"
"RJio","Indoor","4G","1","Call Dropped","-1","-1","NA"
"RJio","Indoor","4G","1","Call Dropped","-1","-1","NA"
"RJio","Indoor","4G","1","Call Dropped","-1","-1","NA"
"RJio","Indoor","4G","1","Call Dropped","-1","-1","NA"
"RJio","Indoor","4G","1","Call Dropped","-1","-1","NA"
"RJio","Indoor","4G","1","Call Dropped","-1","-1","NA"
"RJio","Indoor","4G","1","Poor Voice Quality","12.95673806","77.48958096","Karnataka"
"Airtel","Indoor","Unknown","1","Poor Voice Quality","-1","-1","NA"
"Airtel","Outdoor","4G","1","Poor Voice Quality","-1","-1","NA"
"Airtel","Outdoor","Unknown","1","Poor Voice Quality","-1","-1","NA"
"RJio","Indoor","4G","3","Satisfactory","30.11410147","78.29241645","Uttarakhand"
"Airtel","Indoor","Unknown","1","Poor Voice Quality","13.06378431","80.13901578","Tamil Nadu"
"RJio","Indoor","4G","2","Poor Voice Quality","19.2205182","72.842926","Maharashtra"
"RJio","Indoor","Unknown","3","Satisfactory","30.1155357","78.2817713","Uttarakhand"
"Airtel","Indoor","4G","3","Poor Voice Quality","-1","-1","NA"
"BSNL","Indoor","Unknown","1","Poor Voice Quality","23.22503773","77.42384168","Madhya Pradesh"
"Airtel","Indoor","Unknown","1","Call Dropped","-1","-1","NA"
"Airtel","Outdoor","Unknown","1","Poor Voice Quality","-1","-1","NA"
"Airtel","Indoor","Unknown","1","Call Dropped","-1","-1","NA"
"Airtel","Indoor","4G","1","Call Dropped","-1","-1","NA"
"RJio","Indoor","4G","1","Poor Voice Quality","19.2205163","72.8427586","Maharashtra"
"VI","Indoor","4G","1","Poor Voice Quality","20.37863828","72.90826115","Gujarat"
"RJio","Indoor","4G","2","Poor Voice Quality","-1","-1","NA"
"RJio","Indoor","4G","2","Poor Voice Quality","-1","-1","NA"
"RJio","Indoor","4G","2","Poor Voice Quality","-1","-1","NA"
"RJio","Indoor","4G","1","Poor Voice Quality","-1","-1","NA"
"RJio","Indoor","4G","1","Poor Voice Quality","-1","-1","NA"
"RJio","Indoor","4G","1","Poor Voice Quality","-1","-1","NA"
"RJio","Indoor","4G","2","Call Dropped","-1","-1","NA"
"RJio","Indoor","4G","3","Satisfactory","30.11410147","78.29241645","Uttarakhand"
"RJio","Indoor","4G","3","Satisfactory","30.11410147","78.29241645","Uttarakhand"
"RJio","Indoor","4G","3","Satisfactory","30.11410147","78.29241645","Uttarakhand"
"RJio","Indoor","4G","1","Poor Voice Quality","19.2205195","72.8429282","Maharashtra"
"RJio","Outdoor","4G","2","Call Dropped","19.2205195","72.8429282","Maharashtra"
"RJio","Indoor","4G","4","Satisfactory","26.8901855","75.8085178","Rajasthan"
"BSNL","Indoor","Unknown","1","Poor Voice Quality","23.22503773","77.42384168","Madhya Pradesh"
"RJio","Indoor","4G","4","Satisfactory","26.8901855","75.8085178","Rajasthan"
"RJio","Indoor","4G","1","Poor Voice Quality","19.2205168","72.8427651","Maharashtra"
"RJio","Outdoor","4G","5","Satisfactory","22.5520628","88.8213483","West Bengal"
"RJio","Outdoor","4G","2","Call Dropped","22.5520628","88.8213483","West Bengal"
"RJio","Outdoor","4G","1","Poor Voice Quality","22.5550357","88.8204478","West Bengal"
"RJio","Travelling","4G","5","Satisfactory","12.95668821","77.50329047","Karnataka"
"RJio","Travelling","4G","5","Satisfactory","12.95668821","77.50329047","Karnataka"
"RJio","Travelling","4G","5","Satisfactory","12.97410715","77.50909798","Karnataka"
"RJio","Travelling","4G","5","Satisfactory","12.98771355","77.51790659","Karnataka"
"RJio","Indoor","4G","5","Satisfactory","12.9566371","77.4897294","Karnataka"
"RJio","Indoor","4G","1","Poor Voice Quality","19.22973934","72.85364905","Maharashtra"
"RJio","Indoor","4G","1","Poor Voice Quality","30.11410147","78.29241645","Uttarakhand"
"RJio","Indoor","4G","3","Poor Voice Quality","26.8901902","75.8085088","Rajasthan"
"Airtel","Indoor","2G","3","Poor Voice Quality","-1","-1","NA"
"Airtel","Indoor","2G","2","Poor Voice Quality","-1","-1","NA"
"Airtel","Indoor","4G","3","Poor Voice Quality","-1","-1","NA"
"Airtel","Indoor","2G","3","Poor Voice Quality","-1","-1","NA"
"Airtel","Indoor","2G","2","Poor Voice Quality","-1","-1","NA"
"Airtel","Indoor","2G","2","Poor Voice Quality","-1","-1","NA"
"Airtel","Indoor","2G","1","Poor Voice Quality","-1","-1","NA"
"Airtel","Indoor","2G","1","Poor Voice Quality","-1","-1","NA"
"Airtel","Indoor","2G","1","Poor Voice Quality","-1","-1","NA"
"Airtel","Indoor","4G","1","Poor Voice Quality","-1","-1","NA"
"Airtel","Indoor","4G","1","Poor Voice Quality","-1","-1","NA"
"Airtel","Outdoor","Unknown","1","Poor Voice Quality","-1","-1","NA"
"Airtel","Outdoor","Unknown","1","Poor Voice Quality","-1","-1","NA"
"Airtel","Outdoor","Unknown","1","Poor Voice Quality","-1","-1","NA"
"Airtel","Outdoor","Unknown","1","Poor Voice Quality","-1","-1","NA"
"Airtel","Outdoor","4G","1","Poor Voice Quality","-1","-1","NA"
"Airtel","Outdoor","4G","1","Poor Voice Quality","-1","-1","NA"
"Airtel","Outdoor","Unknown","1","Poor Voice Quality","-1","-1","NA"
"RJio","Indoor","4G","2","Poor Voice Quality","19.22973934","72.85364905","Maharashtra"
"VI","Outdoor","3G","4","Satisfactory","-1","-1","NA"
"VI","Indoor","3G","5","Satisfactory","-1","-1","NA"
"RJio","Indoor","4G","2","Poor Voice Quality","19.22973934","72.85364905","Maharashtra"
"Airtel","Indoor","Unknown","1","Poor Voice Quality","-1","-1","NA"
"Airtel","Indoor","Unknown","1","Poor Voice Quality","-1","-1","NA"
"Airtel","Indoor","Unknown","1","Poor Voice Quality","-1","-1","NA"
"Airtel","Outdoor","Unknown","1","Poor Voice Quality","-1","-1","NA"
"Airtel","Outdoor","Unknown","1","Poor Voice Quality","-1","-1","NA"
"RJio","Indoor","4G","2","Poor Voice Quality","19.22973934","72.85364905","Maharashtra"
"RJio","Indoor","4G","3","Satisfactory","30.1147339","78.2837406","Uttarakhand"
"RJio","Indoor","4G","3","Satisfactory","30.1147339","78.2837406","Uttarakhand"
"Airtel","Indoor","2G","1","Poor Voice Quality","-1","-1","NA"
"VI","Travelling","4G","2","Poor Voice Quality","22.78712534","73.61697699","Gujarat"
"RJio","Indoor","4G","1","Poor Voice Quality","19.22973934","72.85364905","Maharashtra"
"RJio","Indoor","4G","1","Poor Voice Quality","19.22973934","72.85364905","Maharashtra"
"RJio","Indoor","Unknown","3","Satisfactory","30.1154699","78.282003","Uttarakhand"
"RJio","Indoor","4G","3","Satisfactory","30.1154699","78.282003","Uttarakhand"
"RJio","Indoor","4G","1","Poor Voice Quality","-1","-1","NA"
"Airtel","Indoor","2G","2","Poor Voice Quality","-1","-1","NA"
"Airtel","Indoor","4G","2","Poor Voice Quality","-1","-1","NA"
"RJio","Indoor","Unknown","3","Satisfactory","30.1047942","78.2876456","Uttarakhand"
"RJio","Indoor","4G","3","Satisfactory","30.1048183","78.2876537","Uttarakhand"
"RJio","Indoor","4G","4","Satisfactory","26.910425","75.8123537","Rajasthan"
"RJio","Outdoor","4G","4","Satisfactory","26.910418","75.8123657","Rajasthan"
"RJio","Indoor","4G","1","Poor Voice Quality","19.22310523","72.84173139","Maharashtra"
"RJio","Outdoor","4G","3","Poor Voice Quality","12.8490269","77.6000873","Karnataka"
"Airtel","Indoor","4G","5","Satisfactory","13.027705","77.60611167","Karnataka"
"RJio","Indoor","4G","3","Satisfactory","30.1047312","78.2912134","Uttarakhand"
"Airtel","Indoor","4G","2","Poor Voice Quality","-1","-1","NA"
"RJio","Indoor","4G","5","Satisfactory","12.94962929","77.48958446","Karnataka"
"RJio","Travelling","4G","5","Satisfactory","12.95144697","77.49493511","Karnataka"
"RJio","Indoor","4G","1","Call Dropped","12.9565308","77.4896344","Karnataka"
"RJio","Indoor","4G","5","Satisfactory","12.95654969","77.4896087","Karnataka"
"RJio","Indoor","4G","5","Satisfactory","12.95671916","77.4897283","Karnataka"
"BSNL","Travelling","3G","1","Call Dropped","-1","-1","NA"
"BSNL","Travelling","3G","4","Satisfactory","-1","-1","NA"
"BSNL","Travelling","3G","1","Call Dropped","-1","-1","NA"
"BSNL","Travelling","3G","4","Satisfactory","-1","-1","NA"
"BSNL","Travelling","3G","3","Poor Voice Quality","-1","-1","NA"
"BSNL","Travelling","3G","3","Poor Voice Quality","-1","-1","NA"
"RJio","Indoor","4G","5","Satisfactory","12.97453603","77.50930686","Karnataka"
"Airtel","Indoor","2G","5","Satisfactory","13.027705","77.60611167","Karnataka"
"Airtel","Travelling","4G","4","Satisfactory","-1","-1","NA"
"Airtel","Travelling","2G","1","Poor Voice Quality","-1","-1","NA"
"Airtel","Travelling","4G","1","Poor Voice Quality","-1","-1","NA"
"Airtel","Travelling","2G","1","Poor Voice Quality","-1","-1","NA"
"Airtel","Indoor","4G","4","Satisfactory","-1","-1","NA"
"Airtel","Outdoor","2G","3","Poor Voice Quality","-1","-1","NA"
"RJio","Indoor","4G","2","Poor Voice Quality","19.2194685","72.8421319","Maharashtra"
"RJio","Indoor","4G","1","Poor Voice Quality","19.2193218","72.8443474","Maharashtra"
"Airtel","Outdoor","4G","4","Satisfactory","-1","-1","NA"
"Airtel","Outdoor","4G","2","Poor Voice Quality","-1","-1","NA"
"Airtel","Indoor","2G","4","Satisfactory","-1","-1","NA"
"Airtel","Indoor","2G","4","Satisfactory","-1","-1","NA"
"Airtel","Outdoor","4G","2","Poor Voice Quality","-1","-1","NA"
"Airtel","Outdoor","4G","2","Poor Voice Quality","-1","-1","NA"
"Airtel","Indoor","2G","4","Satisfactory","-1","-1","NA"
"Airtel","Outdoor","4G","2","Poor Voice Quality","-1","-1","NA"
"RJio","Indoor","4G","1","Poor Voice Quality","19.2201113","72.845086","Maharashtra"
"BSNL","Outdoor","3G","1","Call Dropped","-1","-1","NA"
"RJio","Indoor","4G","1","Call Dropped","19.2201113","72.845086","Maharashtra"
"RJio","Indoor","4G","2","Poor Voice Quality","19.220521","72.8427648","Maharashtra"
"Airtel","Outdoor","4G","3","Poor Voice Quality","-1","-1","NA"
"RJio","Indoor","4G","1","Poor Voice Quality","19.2204997","72.8427566","Maharashtra"
"Airtel","Outdoor","4G","4","Satisfactory","13.02415667","77.59182667","Karnataka"
"Airtel","Indoor","4G","4","Satisfactory","13.02375","77.59250333","Karnataka"
"BSNL","Outdoor","3G","1","Call Dropped","-1","-1","NA"
"BSNL","Outdoor","3G","1","Call Dropped","-1","-1","NA"
"BSNL","Outdoor","3G","3","Poor Voice Quality","-1","-1","NA"
"BSNL","Indoor","3G","1","Poor Voice Quality","-1","-1","NA"
"RJio","Indoor","4G","3","Satisfactory","30.39674795","78.07694479","Uttarakhand"
"VI","Indoor","Unknown","1","Poor Voice Quality","21.19737587","79.08675788","Maharashtra"
"RJio","Indoor","4G","2","Poor Voice Quality","19.219752","72.845086","Maharashtra"
"RJio","Indoor","4G","3","Satisfactory","30.1048134","78.2876583","Uttarakhand"
"RJio","Indoor","4G","2","Poor Voice Quality","19.220615","72.8428925","Maharashtra"
"RJio","Indoor","4G","2","Poor Voice Quality","19.220615","72.8428919","Maharashtra"
"RJio","Indoor","4G","1","Poor Voice Quality","19.220501","72.8427586","Maharashtra"
"VI","Travelling","4G","4","Satisfactory","20.93013267","78.97040348","Maharashtra"
"RJio","Indoor","4G","4","Satisfactory","26.8901786","75.8085163","Rajasthan"
"RJio","Indoor","4G","1","Poor Voice Quality","19.220501","72.8427586","Maharashtra"
"RJio","Indoor","4G","3","Satisfactory","30.1048206","78.2876532","Uttarakhand"
"RJio","Indoor","4G","2","Poor Voice Quality","19.2202176","72.845086","Maharashtra"
"RJio","Outdoor","Unknown","3","Satisfactory","30.1048137","78.2876614","Uttarakhand"
"RJio","Indoor","4G","1","Poor Voice Quality","19.220501","72.8427586","Maharashtra"
"Airtel","Indoor","4G","3","Poor Voice Quality","-1","-1","NA"
"Airtel","Indoor","2G","2","Poor Voice Quality","-1","-1","NA"
"Airtel","Outdoor","4G","4","Satisfactory","13.02375","77.59250333","Karnataka"
"Airtel","Outdoor","2G","4","Satisfactory","-1","-1","NA"
"Airtel","Outdoor","2G","4","Satisfactory","-1","-1","NA"
"Airtel","Outdoor","2G","4","Satisfactory","-1","-1","NA"
"Airtel","Outdoor","2G","4","Satisfactory","13.02375","77.59250333","Karnataka"
"Airtel","Outdoor","2G","4","Satisfactory","13.02375","77.59250333","Karnataka"
"Airtel","Outdoor","2G","4","Satisfactory","13.02415667","77.59182667","Karnataka"
"Airtel","Indoor","4G","2","Poor Voice Quality","-1","-1","NA"
"Airtel","Indoor","2G","1","Poor Voice Quality","-1","-1","NA"
"RJio","Indoor","Unknown","3","Satisfactory","30.077552","78.2377249","Uttarakhand"
"RJio","Indoor","Unknown","3","Satisfactory","30.077552","78.2377249","Uttarakhand"
"VI","Indoor","4G","3","Poor Voice Quality","20.92991212","78.97059546","Maharashtra"
"RJio","Indoor","4G","4","Satisfactory","26.90450504","75.81308976","Rajasthan"
"RJio","Indoor","4G","4","Satisfactory","26.90450504","75.81308976","Rajasthan"
"BSNL","Outdoor","3G","4","Satisfactory","22.655435","88.3595244","West Bengal"
"BSNL","Indoor","Unknown","4","Satisfactory","22.62009859","88.39219809","West Bengal"
"RJio","Indoor","4G","2","Poor Voice Quality","19.2205034","72.842747","Maharashtra"
"RJio","Indoor","4G","2","Poor Voice Quality","19.2205089","72.8427601","Maharashtra"
"RJio","Indoor","Unknown","3","Satisfactory","30.10624827","78.29821262","Uttarakhand"
"RJio","Outdoor","4G","3","Satisfactory","30.10624827","78.29821262","Uttarakhand"
"RJio","Indoor","4G","5","Satisfactory","12.97128369","77.50315295","Karnataka"
"RJio","Indoor","4G","2","Poor Voice Quality","19.2205034","72.842747","Maharashtra"
"RJio","Indoor","4G","3","Satisfactory","30.10624827","78.29821262","Uttarakhand"
"RJio","Indoor","4G","3","Satisfactory","30.10624827","78.29821262","Uttarakhand"
"RJio","Indoor","4G","3","Satisfactory","30.10624827","78.29821262","Uttarakhand"
"RJio","Indoor","4G","3","Satisfactory","30.10624827","78.29821262","Uttarakhand"
"BSNL","Indoor","3G","4","Satisfactory","22.6554357","88.3595274","West Bengal"
"Airtel","Indoor","2G","2","Poor Voice Quality","-1","-1","NA"
"Airtel","Indoor","2G","2","Poor Voice Quality","-1","-1","NA"
"RJio","Indoor","Unknown","3","Satisfactory","30.1049713","78.2874277","Uttarakhand"
"RJio","Travelling","4G","2","Poor Voice Quality","19.2206216","72.8428444","Maharashtra"
"RJio","Indoor","4G","1","Call Dropped","19.2205522","72.8429517","Maharashtra"
"RJio","Indoor","4G","5","Satisfactory","12.93942742","77.59659339","Karnataka"
"RJio","Indoor","4G","5","Satisfactory","12.94962929","77.48958446","Karnataka"
"RJio","Travelling","4G","5","Satisfactory","12.95142095","77.49272524","Karnataka"
"RJio","Indoor","4G","5","Satisfactory","12.95661504","77.48969024","Karnataka"
"Airtel","Indoor","2G","2","Poor Voice Quality","-1","-1","NA"
"Airtel","Indoor","4G","2","Poor Voice Quality","-1","-1","NA"
"RJio","Indoor","4G","3","Satisfactory","30.1049713","78.2874277","Uttarakhand"
"RJio","Indoor","4G","3","Satisfactory","30.1049713","78.2874277","Uttarakhand"
"RJio","Outdoor","4G","1","Poor Voice Quality","30.1049713","78.2874277","Uttarakhand"
"RJio","Indoor","4G","3","Satisfactory","30.1049713","78.2874277","Uttarakhand"
"BSNL","Outdoor","Unknown","1","Call Dropped","-1","-1","NA"
"BSNL","Outdoor","Unknown","1","Call Dropped","-1","-1","NA"
"BSNL","Indoor","3G","1","Call Dropped","-1","-1","NA"
"BSNL","Indoor","3G","1","Call Dropped","-1","-1","NA"
"Airtel","Indoor","2G","1","Poor Voice Quality","-1","-1","NA"
"RJio","Indoor","4G","3","Satisfactory","30.1049713","78.2874277","Uttarakhand"
"Airtel","Indoor","4G","2","Poor Voice Quality","-1","-1","NA"
"Airtel","Indoor","4G","2","Poor Voice Quality","-1","-1","NA"
"Airtel","Indoor","2G","1","Poor Voice Quality","-1","-1","NA"
"RJio","Indoor","Unknown","3","Satisfactory","30.1049713","78.2874277","Uttarakhand"
"VI","Travelling","Unknown","1","Poor Voice Quality","21.1232546","79.0678749","Maharashtra"
"RJio","Outdoor","4G","4","Satisfactory","-1","-1","NA"
"RJio","Travelling","4G","5","Satisfactory","12.95224776","77.48942681","Karnataka"
"RJio","Travelling","4G","5","Satisfactory","12.9564226","77.4895645","Karnataka"
"RJio","Indoor","4G","5","Satisfactory","12.89175039","77.69356102","Karnataka"
"RJio","Outdoor","Unknown","3","Satisfactory","30.1047312","78.2912134","Uttarakhand"
"RJio","Outdoor","4G","3","Satisfactory","30.1047312","78.2912134","Uttarakhand"
"RJio","Indoor","4G","4","Satisfactory","26.90450504","75.81308976","Rajasthan"
"RJio","Indoor","4G","1","Poor Voice Quality","19.2205567","72.8429551","Maharashtra"
"Airtel","Indoor","4G","2","Poor Voice Quality","16.4813969","81.15187665","Andhra Pradesh"
"Airtel","Indoor","4G","2","Poor Voice Quality","16.4813969","81.15187665","Andhra Pradesh"
"RJio","Indoor","4G","1","Poor Voice Quality","19.2205568","72.8429487","Maharashtra"
"VI","Indoor","4G","4","Satisfactory","-1","-1","NA"
"RJio","Indoor","4G","3","Satisfactory","30.11072137","78.29702084","Uttarakhand"
"RJio","Outdoor","4G","1","Poor Voice Quality","30.11072137","78.29702084","Uttarakhand"
"RJio","Indoor","4G","3","Satisfactory","30.11072137","78.29702084","Uttarakhand"
"RJio","Outdoor","4G","2","Call Dropped","-1","-1","NA"
"RJio","Indoor","4G","2","Poor Voice Quality","19.21227388","72.83990198","Maharashtra"
"Airtel","Outdoor","4G","4","Satisfactory","-1","-1","NA"
"RJio","Indoor","Unknown","3","Satisfactory","30.1048218","78.2876561","Uttarakhand"
"RJio","Indoor","4G","4","Satisfactory","26.8901688","75.8085192","Rajasthan"
"RJio","Indoor","Unknown","3","Satisfactory","30.1048218","78.2876561","Uttarakhand"
"Airtel","Indoor","2G","1","Poor Voice Quality","-1","-1","NA"
"RJio","Indoor","4G","3","Satisfactory","30.1048218","78.2876561","Uttarakhand"
"VI","Indoor","4G","4","Satisfactory","-1","-1","NA"
"VI","Indoor","4G","3","Call Dropped","-1","-1","NA"
"VI","Indoor","4G","3","Call Dropped","-1","-1","NA"
"VI","Indoor","4G","3","Satisfactory","-1","-1","NA"
"VI","Indoor","4G","3","Satisfactory","-1","-1","NA"
"VI","Indoor","4G","3","Satisfactory","-1","-1","NA"
"RJio","Outdoor","4G","5","Satisfactory","12.95195955","77.49071782","Karnataka"
"RJio","Indoor","4G","5","Satisfactory","12.95673091","77.48979815","Karnataka"
"Airtel","Indoor","2G","1","Poor Voice Quality","-1","-1","NA"
"Airtel","Indoor","4G","4","Satisfactory","-1","-1","NA"
"Airtel","Indoor","2G","4","Satisfactory","-1","-1","NA"
"Airtel","Indoor","2G","2","Poor Voice Quality","-1","-1","NA"
"Airtel","Indoor","2G","1","Poor Voice Quality","-1","-1","NA"
"Airtel","Indoor","2G","1","Poor Voice Quality","-1","-1","NA"
"Airtel","Indoor","2G","1","Poor Voice Quality","-1","-1","NA"
"RJio","Indoor","4G","3","Satisfactory","30.1048151","78.28766","Uttarakhand"
"RJio","Indoor","Unknown","3","Satisfactory","30.1048211","78.2876558","Uttarakhand"
"RJio","Indoor","4G","2","Poor Voice Quality","19.21227388","72.83990198","Maharashtra"
"RJio","Indoor","Unknown","3","Satisfactory","30.10483129","78.28764067","Uttarakhand"
"Airtel","Indoor","4G","2","Poor Voice Quality","-1","-1","NA"
"BSNL","Travelling","3G","4","Satisfactory","22.6554476","88.3595279","West Bengal"
"RJio","Indoor","4G","1","Poor Voice Quality","19.21227388","72.83990198","Maharashtra"
"RJio","Indoor","4G","1","Poor Voice Quality","19.21227388","72.83990198","Maharashtra"
"BSNL","Indoor","3G","4","Satisfactory","22.6554397","88.35953","West Bengal"
"RJio","Indoor","4G","3","Satisfactory","30.11544114","78.28177199","Uttarakhand"
"Airtel","Indoor","4G","1","Poor Voice Quality","-1","-1","NA"
"Airtel","Indoor","2G","1","Poor Voice Quality","-1","-1","NA"
"Airtel","Indoor","2G","2","Poor Voice Quality","-1","-1","NA"
"RJio","Outdoor","4G","4","Satisfactory","-1","-1","NA"
"RJio","Outdoor","4G","3","Satisfactory","30.11544114","78.28177199","Uttarakhand"
"BSNL","Travelling","3G","4","Satisfactory","22.65409619","88.36268217","West Bengal"
"Airtel","Indoor","2G","2","Poor Voice Quality","-1","-1","NA"
"Airtel","Indoor","4G","1","Poor Voice Quality","-1","-1","NA"
"RJio","Indoor","4G","2","Call Dropped","19.22038294","72.84107873","Maharashtra"
"RJio","Indoor","4G","1","Poor Voice Quality","19.22038294","72.84107873","Maharashtra"
"RJio","Indoor","4G","1","Poor Voice Quality","30.11544114","78.28177199","Uttarakhand"
"RJio","Outdoor","4G","3","Satisfactory","30.11544114","78.28177199","Uttarakhand"
"RJio","Indoor","4G","1","Call Dropped","19.22038294","72.84107873","Maharashtra"
"RJio","Indoor","4G","2","Poor Voice Quality","19.22038294","72.84107873","Maharashtra"
"RJio","Indoor","4G","4","Satisfactory","26.8899743","75.80858901","Rajasthan"
"Airtel","Indoor","4G","1","Poor Voice Quality","-1","-1","NA"
"RJio","Indoor","4G","3","Satisfactory","30.1048235","78.2876619","Uttarakhand"
"RJio","Indoor","4G","1","Poor Voice Quality","19.2206176","72.8428889","Maharashtra"
"RJio","Indoor","4G","3","Satisfactory","30.1048238","78.2876636","Uttarakhand"
"RJio","Outdoor","4G","3","Satisfactory","30.10482873","78.28775474","Uttarakhand"
"RJio","Indoor","4G","3","Satisfactory","30.10482873","78.28775474","Uttarakhand"
"RJio","Indoor","Unknown","3","Satisfactory","30.10482873","78.28775474","Uttarakhand"
"RJio","Indoor","4G","5","Satisfactory","12.95665295","77.48970014","Karnataka"
"RJio","Indoor","4G","5","Satisfactory","12.95641623","77.48971464","Karnataka"
"RJio","Indoor","4G","5","Satisfactory","12.9566057","77.4896727","Karnataka"
"RJio","Indoor","Unknown","3","Satisfactory","30.08463102","78.26237829","Uttarakhand"
"RJio","Indoor","Unknown","3","Satisfactory","30.08463102","78.26237829","Uttarakhand"
"RJio","Travelling","4G","5","Satisfactory","12.95223879","77.48904873","Karnataka"
"RJio","Indoor","4G","5","Satisfactory","12.95656227","77.48972505","Karnataka"
"RJio","Indoor","4G","1","Poor Voice Quality","19.2205968","72.8429447","Maharashtra"
"RJio","Outdoor","4G","2","Poor Voice Quality","19.2293985","72.8561912","Maharashtra"
"RJio","Indoor","4G","3","Satisfactory","30.08463102","78.26237829","Uttarakhand"
"RJio","Indoor","4G","3","Satisfactory","30.08463102","78.26237829","Uttarakhand"
"RJio","Travelling","4G","1","Call Dropped","19.2206196","72.8428928","Maharashtra"
"RJio","Indoor","4G","1","Poor Voice Quality","19.2206196","72.8428928","Maharashtra"
"RJio","Indoor","4G","5","Satisfactory","12.95644994","77.48966881","Karnataka"
"RJio","Indoor","4G","3","Satisfactory","30.08463102","78.26237829","Uttarakhand"
"Airtel","Indoor","4G","5","Satisfactory","22.76448263","75.89114711","Madhya Pradesh"
"RJio","Indoor","4G","3","Satisfactory","30.115386","78.2818476","Uttarakhand"
"RJio","Indoor","4G","4","Satisfactory","26.8899743","75.80858901","Rajasthan"
"RJio","Indoor","4G","4","Satisfactory","26.8899743","75.80858901","Rajasthan"
"RJio","Indoor","4G","1","Poor Voice Quality","19.2206196","72.8428928","Maharashtra"
"RJio","Indoor","Unknown","3","Satisfactory","30.104823","78.2876508","Uttarakhand"
"RJio","Indoor","4G","5","Satisfactory","12.95655488","77.48966108","Karnataka"
"VI","Outdoor","4G","1","Poor Voice Quality","21.12309085","79.06786692","Maharashtra"
"RJio","Indoor","Unknown","3","Satisfactory","30.1048231","78.2876596","Uttarakhand"
"BSNL","Indoor","Unknown","1","Call Dropped","23.20181621","77.45092367","Madhya Pradesh"
"Airtel","Indoor","2G","1","Poor Voice Quality","-1","-1","NA"
"Airtel","Indoor","2G","1","Poor Voice Quality","-1","-1","NA"
"Airtel","Indoor","2G","4","Satisfactory","-1","-1","NA"
"RJio","Indoor","4G","3","Satisfactory","30.1048235","78.2876632","Uttarakhand"
"RJio","Outdoor","4G","3","Satisfactory","30.104823","78.2876568","Uttarakhand"
"VI","Travelling","4G","5","Satisfactory","18.4880565","73.8295923","Maharashtra"
"Airtel","Indoor","Unknown","5","Satisfactory","13.0967726","80.2824861","Tamil Nadu"
"RJio","Indoor","Unknown","3","Satisfactory","30.1185551","78.2787585","Uttarakhand"
"RJio","Indoor","4G","1","Poor Voice Quality","19.2205072","72.8427544","Maharashtra"
"VI","Indoor","4G","1","Call Dropped","21.12312118","79.06789559","Maharashtra"
"VI","Indoor","4G","1","Poor Voice Quality","21.12312118","79.06789559","Maharashtra"
"RJio","Outdoor","4G","3","Satisfactory","30.1041193","78.2883667","Uttarakhand"
"RJio","Indoor","4G","5","Satisfactory","12.9566486","77.4896463","Karnataka"
"RJio","Outdoor","4G","4","Satisfactory","-1","-1","NA"
"Airtel","Indoor","2G","1","Poor Voice Quality","-1","-1","NA"
"Airtel","Outdoor","4G","1","Poor Voice Quality","13.75257577","79.69448862","Andhra Pradesh"
"RJio","Indoor","4G","1","Poor Voice Quality","19.2296851","72.8534707","Maharashtra"
"RJio","Indoor","4G","5","Satisfactory","-1","-1","NA"
"RJio","Indoor","4G","5","Satisfactory","12.956652","77.4896226","Karnataka"
"VI","Travelling","4G","5","Satisfactory","21.15390667","79.56691833","Maharashtra"
"VI","Travelling","4G","5","Satisfactory","21.15390667","79.56691833","Maharashtra"
"Airtel","Outdoor","Unknown","1","Poor Voice Quality","-1","-1","NA"
"Airtel","Indoor","Unknown","1","Poor Voice Quality","-1","-1","NA"
"Airtel","Indoor","Unknown","1","Poor Voice Quality","-1","-1","NA"
"Airtel","Outdoor","4G","1","Poor Voice Quality","-1","-1","NA"
"Airtel","Indoor","Unknown","1","Poor Voice Quality","-1","-1","NA"
"Airtel","Indoor","Unknown","1","Call Dropped","13.05725962","80.1357572","Tamil Nadu"
"Airtel","Outdoor","Unknown","1","Poor Voice Quality","-1","-1","NA"
"VI","Indoor","Unknown","1","Poor Voice Quality","21.12269935","79.06808541","Maharashtra"
"RJio","Indoor","4G","1","Poor Voice Quality","19.2206194","72.842893","Maharashtra"
"Airtel","Indoor","4G","5","Satisfactory","21.15390667","79.56691833","Maharashtra"
"RJio","Indoor","4G","1","Poor Voice Quality","23.5004943","86.5036026","Jharkhand"
"RJio","Outdoor","4G","1","Poor Voice Quality","23.49476333","86.49634","Jharkhand"
"RJio","Outdoor","4G","1","Poor Voice Quality","-1","-1","NA"
"VI","Indoor","Unknown","1","Poor Voice Quality","21.12325733","79.06798645","Maharashtra"
"RJio","Indoor","4G","3","Satisfactory","30.10475555","78.28763994","Uttarakhand"
"RJio","Indoor","Unknown","3","Satisfactory","30.10475555","78.28763994","Uttarakhand"
"RJio","Indoor","4G","1","Poor Voice Quality","28.62941167","79.71282333","Uttar Pradesh"
"VI","Travelling","Unknown","1","Call Dropped","21.12325733","79.06798645","Maharashtra"
"VI","Travelling","Unknown","1","Call Dropped","21.12325733","79.06798645","Maharashtra"
"RJio","Indoor","4G","1","Poor Voice Quality","-1","-1","NA"
"RJio","Indoor","4G","1","Poor Voice Quality","-1","-1","NA"
"RJio","Indoor","4G","1","Poor Voice Quality","-1","-1","NA"
"RJio","Indoor","4G","1","Call Dropped","23.49474333","86.49635833","Jharkhand"
"RJio","Indoor","4G","1","Call Dropped","23.49474333","86.49635833","Jharkhand"
"RJio","Indoor","4G","1","Poor Voice Quality","19.219752","72.845086","Maharashtra"
"Airtel","Outdoor","4G","3","Satisfactory","-1","-1","NA"
"RJio","Indoor","4G","4","Satisfactory","26.8902151","75.808556","Rajasthan"
"RJio","Indoor","4G","1","Poor Voice Quality","19.2205105","72.8427646","Maharashtra"
"RJio","Indoor","4G","4","Satisfactory","26.89009802","75.80848876","Rajasthan"
"RJio","Indoor","4G","4","Satisfactory","26.89009802","75.80848876","Rajasthan"
"RJio","Travelling","4G","4","Satisfactory","26.89009802","75.80848876","Rajasthan"
"RJio","Indoor","4G","3","Satisfactory","30.10475555","78.28763994","Uttarakhand"
"RJio","Indoor","4G","3","Satisfactory","30.10475555","78.28763994","Uttarakhand"
"RJio","Indoor","4G","1","Poor Voice Quality","-1","-1","NA"
"RJio","Indoor","4G","1","Poor Voice Quality","-1","-1","NA"
"RJio","Outdoor","4G","4","Satisfactory","-1","-1","NA"
"RJio","Outdoor","4G","4","Satisfactory","-1","-1","NA"
"RJio","Outdoor","4G","3","Call Dropped","-1","-1","NA"
"RJio","Outdoor","4G","3","Satisfactory","-1","-1","NA"
"RJio","Outdoor","4G","3","Satisfactory","-1","-1","NA"
"RJio","Outdoor","4G","5","Satisfactory","-1","-1","NA"
"RJio","Outdoor","4G","4","Satisfactory","-1","-1","NA"
"RJio","Outdoor","4G","4","Satisfactory","-1","-1","NA"
"RJio","Outdoor","4G","4","Satisfactory","-1","-1","NA"
"RJio","Outdoor","4G","4","Satisfactory","-1","-1","NA"
"RJio","Outdoor","4G","4","Satisfactory","-1","-1","NA"
"RJio","Outdoor","4G","4","Satisfactory","-1","-1","NA"
"RJio","Outdoor","4G","4","Satisfactory","-1","-1","NA"
"RJio","Indoor","4G","1","Call Dropped","-1","-1","NA"
"RJio","Indoor","4G","1","Poor Voice Quality","-1","-1","NA"
"RJio","Indoor","4G","1","Poor Voice Quality","-1","-1","NA"
"RJio","Indoor","4G","1","Poor Voice Quality","-1","-1","NA"
"RJio","Outdoor","4G","4","Satisfactory","-1","-1","NA"
"RJio","Outdoor","4G","4","Satisfactory","-1","-1","NA"
"RJio","Outdoor","4G","3","Call Dropped","-1","-1","NA"
"RJio","Outdoor","4G","3","Satisfactory","-1","-1","NA"
"RJio","Outdoor","4G","3","Satisfactory","-1","-1","NA"
"RJio","Outdoor","4G","5","Satisfactory","-1","-1","NA"
"RJio","Outdoor","4G","4","Satisfactory","-1","-1","NA"
"RJio","Outdoor","4G","4","Satisfactory","-1","-1","NA"
"RJio","Outdoor","4G","4","Satisfactory","-1","-1","NA"
"RJio","Outdoor","4G","4","Satisfactory","-1","-1","NA"
"RJio","Outdoor","4G","4","Satisfactory","-1","-1","NA"
"RJio","Outdoor","4G","4","Satisfactory","-1","-1","NA"
"RJio","Outdoor","4G","4","Satisfactory","-1","-1","NA"
"RJio","Indoor","4G","1","Call Dropped","-1","-1","NA"
"RJio","Indoor","4G","1","Poor Voice Quality","-1","-1","NA"
"RJio","Outdoor","4G","1","Poor Voice Quality","-1","-1","NA"
"RJio","Indoor","4G","1","Poor Voice Quality","-1","-1","NA"
"RJio","Indoor","4G","1","Poor Voice Quality","-1","-1","NA"
"RJio","Outdoor","4G","4","Satisfactory","-1","-1","NA"
"RJio","Outdoor","4G","4","Satisfactory","-1","-1","NA"
"RJio","Outdoor","4G","3","Call Dropped","-1","-1","NA"
"RJio","Outdoor","4G","3","Satisfactory","-1","-1","NA"
"RJio","Outdoor","4G","3","Satisfactory","-1","-1","NA"
"RJio","Outdoor","4G","5","Satisfactory","-1","-1","NA"
"RJio","Outdoor","4G","4","Satisfactory","-1","-1","NA"
"RJio","Outdoor","4G","4","Satisfactory","-1","-1","NA"
"RJio","Outdoor","4G","4","Satisfactory","-1","-1","NA"
"RJio","Outdoor","4G","4","Satisfactory","-1","-1","NA"
"RJio","Outdoor","4G","4","Satisfactory","-1","-1","NA"
"RJio","Outdoor","4G","4","Satisfactory","-1","-1","NA"
"RJio","Outdoor","4G","4","Satisfactory","-1","-1","NA"
"RJio","Indoor","4G","1","Call Dropped","-1","-1","NA"
"RJio","Indoor","4G","1","Poor Voice Quality","-1","-1","NA"
"RJio","Outdoor","4G","1","Poor Voice Quality","-1","-1","NA"
"RJio","Indoor","4G","1","Poor Voice Quality","-1","-1","NA"
"RJio","Outdoor","4G","1","Poor Voice Quality","-1","-1","NA"
"RJio","Outdoor","4G","1","Poor Voice Quality","-1","-1","NA"
"Airtel","Outdoor","4G","4","Satisfactory","-1","-1","NA"
"RJio","Indoor","Unknown","3","Satisfactory","30.10475555","78.28763994","Uttarakhand"
"RJio","Indoor","Unknown","3","Satisfactory","30.10475555","78.28763994","Uttarakhand"
"RJio","Indoor","4G","3","Satisfactory","30.10475555","78.28763994","Uttarakhand"
"VI","Indoor","4G","5","Satisfactory","-1","-1","NA"
"VI","Outdoor","4G","5","Satisfactory","-1","-1","NA"
"VI","Travelling","4G","5","Satisfactory","-1","-1","NA"
"VI","Indoor","4G","5","Satisfactory","-1","-1","NA"
"VI","Outdoor","4G","5","Satisfactory","-1","-1","NA"
"VI","Indoor","4G","5","Satisfactory","-1","-1","NA"
"VI","Indoor","4G","5","Satisfactory","-1","-1","NA"
"VI","Indoor","4G","5","Satisfactory","-1","-1","NA"
"VI","Indoor","4G","5","Satisfactory","-1","-1","NA"
"VI","Indoor","4G","5","Satisfactory","-1","-1","NA"
"VI","Indoor","4G","5","Satisfactory","-1","-1","NA"
"VI","Indoor","4G","5","Satisfactory","-1","-1","NA"
"VI","Indoor","4G","5","Satisfactory","-1","-1","NA"
"VI","Indoor","4G","5","Satisfactory","-1","-1","NA"
"VI","Indoor","4G","5","Satisfactory","-1","-1","NA"
"RJio","Indoor","4G","5","Satisfactory","12.956546","77.48965858","Karnataka"
"RJio","Indoor","4G","5","Satisfactory","12.9566297","77.4896495","Karnataka"
"RJio","Indoor","4G","5","Satisfactory","12.95654653","77.48964941","Karnataka"
"RJio","Indoor","4G","5","Satisfactory","12.9566634","77.4896402","Karnataka"
"RJio","Indoor","4G","5","Satisfactory","12.95654653","77.48964941","Karnataka"
"RJio","Indoor","4G","5","Satisfactory","12.9566319","77.4896619","Karnataka"
"Airtel","Travelling","4G","5","Satisfactory","12.92437838","77.65171497","Karnataka"
"Airtel","Indoor","4G","5","Satisfactory","12.91939202","77.66783066","Karnataka"
"VI","Indoor","4G","1","Poor Voice Quality","21.13249189","79.05595738","Maharashtra"
"RJio","Indoor","Unknown","3","Satisfactory","30.10475555","78.28763994","Uttarakhand"
"RJio","Indoor","Unknown","3","Satisfactory","30.10475555","78.28763994","Uttarakhand"
"RJio","Indoor","4G","3","Satisfactory","30.1048173","78.2876524","Uttarakhand"
"RJio","Indoor","4G","3","Satisfactory","30.1048177","78.2876565","Uttarakhand"
"RJio","Indoor","4G","3","Satisfactory","30.1048177","78.2876565","Uttarakhand"
"RJio","Indoor","4G","3","Satisfactory","30.1048177","78.2876565","Uttarakhand"
"Airtel","Indoor","2G","4","Satisfactory","-1","-1","NA"
"Airtel","Indoor","2G","4","Satisfactory","-1","-1","NA"
"Airtel","Indoor","4G","5","Satisfactory","12.8879868","77.6719397","Karnataka"
"Airtel","Indoor","4G","3","Poor Voice Quality","-1","-1","NA"
"Airtel","Outdoor","4G","1","Poor Voice Quality","-1","-1","NA"
"Airtel","Outdoor","4G","1","Poor Voice Quality","-1","-1","NA"
"RJio","Indoor","Unknown","3","Satisfactory","30.1037353","78.29001641","Uttarakhand"
"RJio","Outdoor","Unknown","3","Satisfactory","30.1037353","78.29001641","Uttarakhand"
"RJio","Indoor","4G","1","Poor Voice Quality","25.4388868","81.794239","Uttar Pradesh"
"VI","Outdoor","4G","5","Satisfactory","-1","-1","NA"
"Airtel","Indoor","4G","1","Poor Voice Quality","28.7252382","77.4703764","Uttar Pradesh"
"Airtel","Indoor","Unknown","1","Poor Voice Quality","28.7167481","77.4639228","Uttar Pradesh"
"Airtel","Indoor","4G","3","Poor Voice Quality","-1","-1","NA"
"Airtel","Indoor","2G","2","Poor Voice Quality","-1","-1","NA"
"Airtel","Outdoor","4G","2","Poor Voice Quality","-1","-1","NA"
"Airtel","Outdoor","2G","3","Poor Voice Quality","-1","-1","NA"
"Airtel","Indoor","4G","4","Satisfactory","-1","-1","NA"
"Airtel","Indoor","4G","5","Satisfactory","12.95662053","77.48956202","Karnataka"
"Airtel","Indoor","2G","2","Poor Voice Quality","-1","-1","NA"
"Airtel","Indoor","2G","1","Poor Voice Quality","-1","-1","NA"
"RJio","Indoor","4G","5","Satisfactory","22.5520606","88.8210481","West Bengal"
"RJio","Outdoor","4G","4","Satisfactory","26.91182039","75.80445103","Rajasthan"
"RJio","Indoor","4G","1","Poor Voice Quality","30.1155286","78.2817617","Uttarakhand"
"RJio","Indoor","4G","3","Satisfactory","30.1155286","78.2817617","Uttarakhand"
"RJio","Outdoor","4G","3","Satisfactory","30.1155288","78.2819548","Uttarakhand"
"Airtel","Indoor","2G","2","Poor Voice Quality","-1","-1","NA"
"RJio","Indoor","4G","3","Satisfactory","30.1047969","78.2876378","Uttarakhand"
"Airtel","Indoor","2G","2","Poor Voice Quality","-1","-1","NA"
"Airtel","Indoor","4G","5","Satisfactory","12.9566841","77.489676","Karnataka"
"Airtel","Travelling","4G","5","Satisfactory","-1","-1","NA"
"RJio","Indoor","4G","3","Satisfactory","30.1048212","78.2876531","Uttarakhand"
"Airtel","Indoor","4G","5","Satisfactory","12.95660962","77.48966998","Karnataka"
